start	end	speaker	text
0.224	22.688	reference	大家好我是JJ協今天要跟大家分享的是這本書尼克馬朱利的財富階梯如果你之前有看過我介紹持續買進那應該會對這個作者有印象啊而財富階梯這本書呢我覺得最有趣的地方是它把一般人在追逐財富過程中的那種很迷茫永無盡頭的那種迷失感明確劃定出來你現在到底站在哪一節
22.944	43.616	reference	有人說你想要變有錢就要先從省錢開始每天少喝一杯咖啡少吃點外食每一筆花費都要記帳下來可是也有人說不要浪費時間省那種小錢你應該投資自己提高收入去創業投資去買資產那到底誰對呢這麼說的回答是他們可能都對只是適用於不同階段的人
43.872	68.872	reference	財富階梯把人的資產分成六個階段每一個階段該在意的事情不一樣花錢方式不一樣賺錢方式不一樣投資方式也不一樣這些是作者從小到大的人生經驗也包含他擔任財富顧問期間接觸過每個財富階段的人而總結出來的所以今天這集我想用這本書來回答三個問題第一財富階梯的六個階段是什麼各個階段該做什麼第二
68.872	79.328	reference	同一個理財建議對不同人會完全不一樣第三人生真的該在金錢財富上一直往上爬嗎還是該思考更廣義的人生財富呢
79.712	81.568	reference	當然我不會只單純轉述書中的內容啦
81.888	87.616	reference	我會結合一些我自己在各個階層的經驗來跟你分享好首先來看第一個問題
88.000	90.080	reference	財富階梯分成哪六階
90.368	115.368	reference	這個是書中的圖表第一階是淨資產不到一萬美元也就是大概三十萬台幣以內這一階的關鍵字生存在第一階很多時候生活中的小麻煩都被放大生一場病可能不只是情急天下而是收入直接中斷甚至可能連家人的工作都受影響比如我自己在大二的時候那時候我爸生了一場大病那他是自己開一間小公司就是一人公司那種所以他那時候住
115.368	140.368	reference	就等於公司沒人顧了但開過公司就知道你一段時間消失客戶就去找別人而且等你回來他們可能也都跑光了所以那時候就是我跟我哥還有親戚一起幫忙扛就是每天要出車去外面送貨這樣我爸那時候也才開始跟我們講家裡的財務狀況因為公司的貨款都是進進出出的所以累積下來的我們家有的資產也差不多真的就是第一階到第二階這個階層
140.368	159.040	reference	所以對第一階段的人來說很多常見的理財建議其實是錯位的你叫他趕快去研究投資當然不是完全沒用但是他的收入太少了他連緊急預備金都沒有他的人生容錯率太低了作者說這階段真正重要的是提高收入和降低脆弱性
159.520	176.896	reference	換工作兼差或是學一個能直接加薪的實用技能或學會處理債務建立起一個基本的緩衝它們才是這一階段的主線任務第二階是淨資產 1 萬到 10 萬美元大概是台幣 30 萬到 300 萬作者把這一階稱為雜貨自由
177.152	202.152	reference	意思是你去超市買東西的時候不用每個品項都斤斤計較你可能會看價格但是不會因為說今天多買了一盒雞蛋或多拿了一瓶牛奶你覺得人生財務就完蛋了這間已經比第一間穩一點了你有緩衝了不再是每一個意外都會把你打回原形了可是這一間也很容易被誤導因為你終於開始存到一點錢了所以就會很想問說我是不是該改觀投資是不是該趕快找報酬率更高的標準
202.152	227.152	reference	作者的提醒是在第二階你最大的資產通常不是什麼投資組合是你自己因為第二階老實說本金還不夠大就算投資報酬率很好絕對金額也有限你有 30 萬報酬率年化 10％一年 3 萬塊3 萬塊很好但它不太可能是直接改變你的人生可是如果你能透過技能或是職涯選擇讓年收入多個 30 萬那影響就完全不同了
227.152	231.744	reference	所以第二階段的核心任務是具體的去找三件事的交集
232.032	238.368	reference	你擅長什麼你願意長期去做什麼以及最重要的市場願意為什麼而付錢
238.944	263.944	reference	第三階是淨資產 10 萬到 100 萬美元大概是台幣 300 萬到 3 千萬做得把它稱為餐廳自由也就是你去餐廳點餐的時候不會完全被價格綁架當然你還是會看一下價錢正常人都會看但是你不會每點一道東西就心很痛這樣這些階段開始投資真的變重要囉因為你的本金已經有一定規模了時間開始可以幫你工作了你是在累積會生錢的
263.944	288.944	reference	資產在這裡作者的建議很接近他在持續買進裡面的精神就是買進生財的資產分散投資持續投入讓時間慢慢發揮作用假設一個人每年投資 1 萬美元連續投資 40 年年化報酬率是 7.7％圖表畫出來就會發現最早投入的那些錢因為有最長的時間去滾複利所以對最後的結果貢獻是最大的甚至
288.944	300.000	reference	前十年的投入對最後投資組合的貢獻超過一半這就是為什麼到第三階段之後拖延投資的代價會越來越大所以第三階段的任務是讓錢開
