id,method,seconds,truthSpeakers,predictedSpeakers,DER,missPct,falseAlarmPct,confusionPct,purityPct,elapsedMs,rtf,extraEmbeddingMs
hkzpa,sherpa-0.8,965.9036875,2,14,18.89,4.43,1.86,12.61,95,198214.114917,0.2052110551829734,
jcako,sherpa-0.8,1014.72,3,37,62.24,1.57,8.73,51.94,89.4,195069.157959,0.19223939407816934,
ldnro,sherpa-0.8,1097.32575,15,25,16.23,0.92,1.53,13.79,91.08,237025.791584,0.2160031254019146,
ldnro,sherpa-0.75,1097.32575,15,29,26.39,0.91,1.53,23.95,91.88,236779.029125,0.21577824918899424,
ldnro,sherpa-0.85,1097.32575,15,22,14.76,0.92,1.53,12.31,89.49,238317.51587499998,0.2171802820402237,
qouur,sherpa-0.8,1032.384,1,2,1.44,1.17,0.12,0.15,100,220708.428583,0.21378520839435713,
hkzpa,nemotron-v3-offline-pad005,965.9036875,2,3,2.72,0.99,1.72,0.01,95.71,11461.311708999972,0.01186589497205949,
hkzpa,nemotron-v3-offline,965.9036875,2,3,3.08,0.57,2.49,0.03,95.21,11477.933791999987,0.011883103813080729,
hkzpa,nemotron-v3-streaming,965.9036875,2,3,3.2,0.61,2.56,0.03,95.2,116615.257209,0.12073176520407476,
jcako,nemotron-v3-offline-pad005,1014.72,3,3,5.92,1.96,3.73,0.24,95.67,12093.416791000038,0.011917984065555068,
jcako,nemotron-v3-offline-repeat,1014.72,3,3,9.16,0.59,8.29,0.28,93.6,12125.986415999989,0.011950081220435184,
jcako,nemotron-v3-offline,1014.72,3,3,9.16,0.59,8.29,0.28,93.6,12219.382500000009,0.012042122457426687,
jcako,nemotron-v3-streaming,1014.72,3,3,9.2,1.2,7.71,0.29,93.98,122873.74299999999,0.12109127936770733,
jcako-repeat4,nemotron-v3-offline-cache528,4073.88,3,3,9.51,1.22,8.09,0.2,93.8,75003.65212513134,0.018410864366434784,
jcako-repeat4,nemotron-v3-offline,4073.88,3,4,22.92,2.54,7.62,12.76,94.09,49561.319625000004,0.012165630707090046,
ldnro,nemotron-v3-offline,1097.32575,15,8,23.03,11.12,1.98,9.93,85.7,13047.368458999983,0.011890150631204984,
ldnro,nemotron-v3-streaming,1097.32575,15,8,33.79,23,2.09,8.71,84.7,132898.05058299997,0.12111084660411914,
qouur,nemotron-v3-offline,1032.384,1,1,0.3,0,0.3,0,100,12303.840333,0.011917891339850288,
jcako,nemotron-segment-spectral-knn-0.1,1014.72,3,6,46.61,1.76,6.6,38.25,92.86,9.096499998122454,,14596.725417
jcako,nemotron-segment-spectral-knn-0.2,1014.72,3,3,12.05,1.76,6.54,3.75,92.63,2.2938749752938747,,14596.725417
jcako-repeat4,nemotron-segment-spectral-knn-0.1,4073.88,3,17,32.5,3.54,6.17,22.79,92.97,55.907292291522026,,58012.60658299999
jcako-repeat4,nemotron-segment-spectral-knn-0.2,4073.88,3,5,13.94,3.54,6.15,4.25,92.97,31.346541363745928,,58012.60658299999
jcako,spectral-knn-0.1,1014.72,3,5,40.7,2.49,6.49,31.72,90.65,12.581875082105398,,16117.451583
jcako,spectral-knn-0.2,1014.72,3,3,13.98,2.59,5.99,5.41,91.15,2.5621671229600906,,16117.451583
ldnro,spectral-knn-0.1,1097.32575,15,14,34.3,1.92,1.13,31.26,86.3,25.294916704297066,,8814.311292
ldnro,spectral-knn-0.2,1097.32575,15,12,34.79,1.92,1.13,31.74,85.19,1.0042497888207436,,8814.311292
hkzpa,nemotron-v3-offline-silero-pad0,965.9036875,2,3,5.51,3.91,1.6,0,95.12,14631.424166999986,,
hkzpa,nemotron-v3-offline-silero-pad0.08,965.9036875,2,3,4.42,2.62,1.8,0.01,95.16,14631.424166999986,,
jcako,nemotron-v3-offline-silero-pad0,1014.72,3,3,8.25,1.1,6.88,0.28,93.57,15625.271459000009,,
jcako,nemotron-v3-offline-silero-pad0.08,1014.72,3,3,8.5,0.81,7.41,0.28,93.59,15625.271459000009,,
ldnro,nemotron-v3-offline-silero-pad0,1097.32575,15,8,23.38,12.59,1.15,9.65,85.8,16630.054000999982,,
ldnro,nemotron-v3-offline-silero-pad0.08,1097.32575,15,8,23.16,11.94,1.47,9.75,85.78,16630.054000999982,,
qouur,nemotron-v3-offline-silero-pad0,1032.384,1,1,0.69,0.58,0.11,0,100,15672.953167,,
qouur,nemotron-v3-offline-silero-pad0.08,1032.384,1,1,0.5,0.32,0.17,0,100,15672.953167,,
jcako,sherpa-preview-current,1014.72,3,53,76.78,1.9,8.69,66.2,88.3,265532.84495799994,0.2616809020793913,
